{"client":"Thunder Client","collectionName":"examen_1ev","dateExported":"2022-12-01T12:36:31.553Z","version":"1.1","folders":[],"requests":[{"_id":"4cfe8b08-6cc2-4b0e-8644-acebd264d55f","colId":"6648fb06-52c1-44cd-8506-8b5383393bcd","containerId":"","name":"GET /RESTAURANTES","url":"localhost:8080/restaurantes","method":"GET","sortNum":20000,"created":"2022-12-01T11:23:54.873Z","modified":"2022-12-01T11:26:33.042Z","headers":[],"params":[],"tests":[]},{"_id":"49374881-8ee8-4379-961e-412c025c1167","colId":"6648fb06-52c1-44cd-8506-8b5383393bcd","containerId":"","name":"GET /RESTAURANTES/ID","url":"localhost:8080/restaurantes/63889e02410ef0e242bc6271","method":"GET","sortNum":25000,"created":"2022-12-01T11:23:54.874Z","modified":"2022-12-01T12:28:57.015Z","headers":[],"params":[],"tests":[]},{"_id":"3323e158-75fa-480b-9972-3ae7c298af67","colId":"6648fb06-52c1-44cd-8506-8b5383393bcd","containerId":"","name":"POST /RESTAURANTES","url":"localhost:8080/restaurantes","method":"POST","sortNum":30000,"created":"2022-12-01T11:23:54.875Z","modified":"2022-12-01T12:02:18.971Z","headers":[],"params":[],"body":{"type":"json","raw":"{\n  \"nombre\": \"Restaurante 1\",\n  \"descripcion\": \"Descripcion restaurante\",\n  \"telefono\": \"692143617\",\n  \"imagen\": \"imagen.jpg\",\n  \"tipo\": \"vegano\",\n  \"puntuacion\": 4,\n  \"precio\": 10\n}","form":[]},"tests":[]},{"_id":"b262f7e5-d019-43c2-aab2-650182c09fbe","colId":"6648fb06-52c1-44cd-8506-8b5383393bcd","containerId":"","name":"PUT /RESTAURANTES/ID","url":"localhost:8080/restaurantes/63889e02410ef0e242bc6271","method":"PUT","sortNum":50000,"created":"2022-12-01T11:23:54.876Z","modified":"2022-12-01T12:29:01.530Z","headers":[],"params":[],"body":{"type":"json","raw":"{\n    \"nombre\": \"Restaurante put prueba\",\n    \"descripcion\": \"Descripcion restaurante\",\n    \"telefono\": \"692143617\",\n    \"imagen\": \"imagen.jpg\",\n    \"tipo\": \"vegano\",\n    \"puntuacion\": 4,\n    \"precio\": 10\n}","form":[]},"tests":[]},{"_id":"e34b1c77-9d18-46cc-9f79-481b85a5ca6b","colId":"6648fb06-52c1-44cd-8506-8b5383393bcd","containerId":"","name":"POST /RESTAURANTES/COMENTARIOS/IDRESTAURANTE","url":"localhost:8080/restaurantes/comentarios/63889e02410ef0e242bc6271","method":"POST","sortNum":60000,"created":"2022-12-01T11:23:54.877Z","modified":"2022-12-01T12:36:18.404Z","headers":[],"params":[],"body":{"type":"json","raw":"{\n  \"creador\": \"Prueba 7\",\n  \"fecha\": \"25-10-2022\"\n}","form":[]},"tests":[]},{"_id":"b1c14818-ec09-47f5-b39d-4123505c6c2c","colId":"6648fb06-52c1-44cd-8506-8b5383393bcd","containerId":"","name":"DELETE /RESTAURANTES/ID","url":"localhost:8080/restaurantes/638897eacced092f0a929400","method":"DELETE","sortNum":70000,"created":"2022-12-01T11:23:54.878Z","modified":"2022-12-01T12:28:45.644Z","headers":[],"params":[],"tests":[]}]}
