{"client":"Thunder Client","collectionName":"playREST_V2","dateExported":"2022-11-28T13:46:31.603Z","version":"1.1","folders":[],"requests":[{"_id":"11f7c7ad-d281-42c7-9070-81dc41f71c7a","colId":"d00f6bb3-52df-4118-8c6c-762d4dec6188","containerId":"","name":"GET /JUEGOS","url":"localhost:8080/juegos","method":"GET","sortNum":20000,"created":"2022-11-22T10:58:11.273Z","modified":"2022-11-22T10:58:48.333Z","headers":[],"params":[],"tests":[]},{"_id":"1a878d7e-365c-4ee7-9082-77ccbca93a1c","colId":"d00f6bb3-52df-4118-8c6c-762d4dec6188","containerId":"","name":"GET /JUEGOS/ID","url":"localhost:8080/juegos/6384b80bbec976e5df76de15","method":"GET","sortNum":25000,"created":"2022-11-22T11:23:52.109Z","modified":"2022-11-28T13:32:27.042Z","headers":[],"params":[],"tests":[]},{"_id":"b7285d7d-8d61-4338-923b-7f35f7587c60","colId":"d00f6bb3-52df-4118-8c6c-762d4dec6188","containerId":"","name":"POST /JUEGOS","url":"localhost:8080/juegos","method":"POST","sortNum":30000,"created":"2022-11-22T10:59:41.168Z","modified":"2022-11-28T13:32:03.700Z","headers":[],"params":[],"body":{"type":"json","raw":"{\n  \"nombre\": \"Juegoa\",\n  \"descripcion\": \"juego\",\n  \"edadMin\": 23,\n  \"nJugadores\": 6,\n  \"tipo\": \"rol\",\n  \"precio\": 20,\n  \"imagen\": \"sadfasdfasdfsadf/asdfsadf.png\"\n}","form":[]},"tests":[]},{"_id":"6e19695f-626a-4720-b2f7-d49d0d4306f3","colId":"d00f6bb3-52df-4118-8c6c-762d4dec6188","containerId":"","name":"PUT /JUEGOS/ID","url":"localhost:8080/juegos/6384b853bec976e5df76de19","method":"PUT","sortNum":50000,"created":"2022-11-22T11:24:43.623Z","modified":"2022-11-28T13:43:32.637Z","headers":[],"params":[],"body":{"type":"json","raw":"{\n    \"nombre\": \"asdfasdfa\",\n    \"descripcion\": \"juego de masasdfas\",\n    \"edadMin\": 10,\n    \"nJugadores\": 10,\n    \"tipo\": \"escape\",\n    \"precio\": 30,\n    \"imagen\": \"sadfasdfasdfsadf/asdfsadf.png\"\n}","form":[]},"tests":[]},{"_id":"34c94543-4329-405d-891f-c1d0e351bc81","colId":"d00f6bb3-52df-4118-8c6c-762d4dec6188","containerId":"","name":"PUT /JUEGOS/EDICIONES/IDJUEGO","url":"localhost:8080/juegos/ediciones/6384b80bbec976e5df76de15","method":"PUT","sortNum":60000,"created":"2022-11-22T11:29:19.750Z","modified":"2022-11-28T13:34:27.650Z","headers":[],"params":[],"body":{"type":"json","raw":"{\n  \"nombre\": \"edicion1\",\n  \"year\": 2001\n}","form":[]},"tests":[]},{"_id":"b8c52ad5-2966-4f20-81e3-337b469eb808","colId":"d00f6bb3-52df-4118-8c6c-762d4dec6188","containerId":"","name":"DELETE /JUEGOS/ID","url":"localhost:8080/juegos/6384b80bbec976e5df76de15","method":"DELETE","sortNum":70000,"created":"2022-11-22T11:31:35.630Z","modified":"2022-11-28T13:34:50.709Z","headers":[],"params":[],"tests":[]},{"_id":"bec1d503-9355-46d1-93bb-bab14e07bc50","colId":"d00f6bb3-52df-4118-8c6c-762d4dec6188","containerId":"","name":"DELETE /JUEGOS/EDICIONES/IDJUEGO/IDEDICION","url":"localhost:8080/juegos/ediciones/6384b80bbec976e5df76de15/6384b8e3bec976e5df76de29","method":"DELETE","sortNum":80000,"created":"2022-11-22T11:32:57.236Z","modified":"2022-11-28T13:34:44.632Z","headers":[],"params":[],"tests":[]}]}
